"Journal","Recs","LCS","GCS"
"ECOLOGICAL MODELLING",96,4866,21008
"DIVERSITY AND DISTRIBUTIONS",132,4053,16569
"METHODS IN ECOLOGY AND EVOLUTION",43,2425,12254
"PLOS ONE",159,0,7533
"JOURNAL OF BIOGEOGRAPHY",97,1455,6464
"ECOGRAPHY",53,1527,6002
"ECOLOGICAL APPLICATIONS",21,1562,5323
"ECOLOGY AND EVOLUTION",220,971,4986
"ECOLOGY",7,367,4673
"ECOLOGICAL INFORMATICS",125,578,4296
"GLOBAL CHANGE BIOLOGY",43,317,3740
"BIOLOGICAL CONSERVATION",71,538,3508
"GLOBAL ECOLOGY AND BIOGEOGRAPHY",36,432,3041
"PEERJ",54,0,2709
"SCIENCE OF THE TOTAL ENVIRONMENT",56,100,2367
"BIOLOGICAL INVASIONS",48,361,2157
"GLOBAL ECOLOGY AND CONSERVATION",108,172,2153
"SCIENTIFIC REPORTS",107,0,2060
"ECOLOGICAL INDICATORS",61,66,2046
"JOURNAL OF APPLIED ECOLOGY",30,252,1961
"FORESTS",94,0,1773
"BIODIVERSITY AND CONSERVATION",69,345,1757
"FOREST ECOLOGY AND MANAGEMENT",44,103,1260
"PARASITES & VECTORS",37,0,1204
"JOURNAL FOR NATURE CONSERVATION",62,174,1115
"ECOSPHERE",45,0,1079
"FRONTIERS IN MARINE SCIENCE",41,0,985
"MARINE ECOLOGY PROGRESS SERIES",28,150,878
"ECOLOGICAL ENGINEERING",10,255,822
"INSECTS",58,0,791
"REMOTE SENSING",38,0,751
"LANDSCAPE ECOLOGY",36,91,736
"ECOLOGICAL MONOGRAPHS",2,6,688
"FRONTIERS IN PLANT SCIENCE",42,0,657
"CONSERVATION BIOLOGY",18,22,638
"SUSTAINABILITY",48,0,630
"JOURNAL OF ENVIRONMENTAL MANAGEMENT",26,15,618
"GEOSPATIAL HEALTH",15,122,539
"ENVIRONMENTAL MODELLING & SOFTWARE",8,59,534
"PROCEEDINGS OF THE NATIONAL ACADEMY OF SCIENCES OF THE UNITED STATES OF AMERICA",6,44,491
"APPLIED GEOGRAPHY",10,73,490
"INTERNATIONAL JOURNAL OF GEOGRAPHICAL INFORMATION SCIENCE",13,76,485
"PEST MANAGEMENT SCIENCE",20,106,484
"REGIONAL ENVIRONMENTAL CHANGE",17,9,472
"ENVIRONMENTAL MONITORING AND ASSESSMENT",48,0,469
"JOURNAL OF ANIMAL ECOLOGY",7,85,456
"REVISTA MEXICANA DE BIODIVERSIDAD",14,5,456
"ICES JOURNAL OF MARINE SCIENCE",9,34,449
"PLOS NEGLECTED TROPICAL DISEASES",16,0,447
"CONSERVATION LETTERS",2,58,426
"DEEP-SEA RESEARCH PART II-TOPICAL STUDIES IN OCEANOGRAPHY",12,65,422
"JOURNAL OF MEDICAL ENTOMOLOGY",24,49,402
"SYSTEMATIC BIOLOGY",1,46,402
"FRONTIERS IN ECOLOGY AND EVOLUTION",35,0,397
"JOURNAL OF ARID ENVIRONMENTS",22,37,397
"DIVERSITY-BASEL",50,0,390
"AQUATIC CONSERVATION-MARINE AND FRESHWATER ECOSYSTEMS",30,49,379
"BIOLOGY-BASEL",34,0,379
"JOURNAL OF ECONOMIC ENTOMOLOGY",19,94,377
"ACTA OECOLOGICA-INTERNATIONAL JOURNAL OF ECOLOGY",6,119,374
"AUSTRAL ECOLOGY",19,69,364
"BIOMETRICS",1,111,356
"PLANTS-BASEL",44,0,355
"MEDICAL AND VETERINARY ENTOMOLOGY",13,38,320
"CATENA",4,2,317
"ACTA TROPICA",19,16,316
"FISHERIES RESEARCH",5,27,301
"MOLECULAR PHYLOGENETICS AND EVOLUTION",8,3,299
"HYDROBIOLOGIA",18,35,298
"OCEAN & COASTAL MANAGEMENT",11,40,293
"PREVENTIVE VETERINARY MEDICINE",9,18,284
"BIOLOGICAL JOURNAL OF THE LINNEAN SOCIETY",16,21,273
"ECOLOGICAL PROCESSES",15,0,268
"JOURNAL OF GLACIOLOGY",1,0,255
"ANIMALS",27,0,231
"INDUSTRIAL CROPS AND PRODUCTS",9,0,231
"NATUREZA & CONSERVACAO",6,46,231
"LAND",27,0,226
"INTERNATIONAL JOURNAL OF WILDLAND FIRE",3,0,220
"PROCEEDINGS OF THE ROYAL SOCIETY B-BIOLOGICAL SCIENCES",3,8,217
"SCIENCE ADVANCES",2,0,217
"FRESHWATER BIOLOGY",10,39,215
"DEEP-SEA RESEARCH PART I-OCEANOGRAPHIC RESEARCH PAPERS",12,29,211
"EUROPEAN JOURNAL OF WILDLIFE RESEARCH",11,3,211
"LANDSLIDES",1,0,210
"JOURNAL OF INTEGRATIVE AGRICULTURE",5,21,208
"JOURNAL OF THE ACOUSTICAL SOCIETY OF AMERICA",1,0,206
"ENVIRONMENTAL CONSERVATION",9,31,204
"GLOBAL AND PLANETARY CHANGE",5,18,201
"COMPUTERS AND ELECTRONICS IN AGRICULTURE",6,47,199
"MOLECULAR ECOLOGY",5,22,198
"AFRICAN JOURNAL OF ECOLOGY",20,48,197
"AQUATIC INVASIONS",7,11,194
"JOURNAL OF FORESTRY RESEARCH",11,34,194
"ENVIRONMENTAL SCIENCE AND POLLUTION RESEARCH",10,51,193
"EUROPEAN JOURNAL OF PLANT PATHOLOGY",3,6,193
"NATURAL RESOURCES RESEARCH",2,9,191
"AMERICAN JOURNAL OF BOTANY",6,10,183
"HELIYON",12,0,182
"RISK ANALYSIS",1,66,182
"AMPHIBIA-REPTILIA",10,22,179
"ANIMAL CONSERVATION",8,29,176
"INTERNATIONAL JOURNAL OF HEALTH GEOGRAPHICS",6,0,174
"CURRENT SCIENCE",9,60,173
"JOURNAL OF INSECT SCIENCE",8,0,170
"TRANSBOUNDARY AND EMERGING DISEASES",11,16,169
"ENVIRONMENTAL MANAGEMENT",8,37,167
"FUNGAL ECOLOGY",4,46,161
"APPLIED VEGETATION SCIENCE",10,31,160
"HERPETOLOGICAL CONSERVATION AND BIOLOGY",9,41,159
"JOURNAL OF INSECT CONSERVATION",16,26,157
"VECTOR-BORNE AND ZOONOTIC DISEASES",6,25,157
"INTERNATIONAL JOURNAL OF ENVIRONMENTAL RESEARCH AND PUBLIC HEALTH",6,0,154
"JOURNAL OF VEGETATION SCIENCE",7,17,154
"EXPERT SYSTEMS WITH APPLICATIONS",2,11,151
"ESTUARINE COASTAL AND SHELF SCIENCE",10,7,150
"ISPRS INTERNATIONAL JOURNAL OF GEO-INFORMATION",7,8,150
"JOURNAL OF MACHINE LEARNING RESEARCH",1,35,150
"TROPICAL CONSERVATION SCIENCE",10,26,150
"ORYX",12,14,149
"REMOTE SENSING OF ENVIRONMENT",6,9,149
"JOURNAL OF APPLIED ENTOMOLOGY",7,36,148
"TROPICAL ECOLOGY",18,48,148
"BIOLOGICAL CONTROL",9,21,146
"FIELD CROPS RESEARCH",2,0,146
"FLORA",15,7,146
"ECOHEALTH",7,6,145
"JOURNAL OF WILDLIFE MANAGEMENT",14,17,144
"BULLETIN OF ENTOMOLOGICAL RESEARCH",4,5,142
"MAMMALIA",13,18,140
"AGRICULTURAL AND FOREST METEOROLOGY",4,26,139
"BIOLOGY LETTERS",1,0,139
"JOURNAL OF SEA RESEARCH",6,21,138
"PLANT ECOLOGY",16,26,138
"CLIMATE RISK MANAGEMENT",3,19,136
"PARASITOLOGY RESEARCH",7,20,133
"AGROFORESTRY SYSTEMS",3,23,130
"AGRICULTURE-BASEL",12,0,126
"FLORIDA ENTOMOLOGIST",4,5,123
"JOURNAL OF AVIAN BIOLOGY",4,16,122
"APPLIED ECOLOGY AND ENVIRONMENTAL RESEARCH",16,37,121
"MARINE POLICY",4,11,119
"ROYAL SOCIETY OPEN SCIENCE",4,0,119
"SOUTH AFRICAN JOURNAL OF BOTANY",10,21,119
"WATER",9,3,119
"JOURNAL OF ECOLOGY",3,7,118
"JOURNAL OF MAMMALOGY",10,12,117
"MARINE ENVIRONMENTAL RESEARCH",12,0,116
"POLISH JOURNAL OF ECOLOGY",7,24,116
"INTERNATIONAL JOURNAL OF APPLIED EARTH OBSERVATION AND GEOINFORMATION",4,15,115
"INTERNATIONAL JOURNAL OF INFECTIOUS DISEASES",4,16,115
"BMC INFECTIOUS DISEASES",5,0,113
"CURRENT ZOOLOGY",4,28,113
"JOURNAL OF PEST SCIENCE",3,35,113
"AMERICAN JOURNAL OF PRIMATOLOGY",9,9,112
"BRAZILIAN JOURNAL OF BIOLOGY",5,30,112
"LIMNOLOGY AND OCEANOGRAPHY",1,2,112
"AMERICAN NATURALIST",1,40,111
"CONSERVATION SCIENCE AND PRACTICE",9,0,111
"ECOLOGY LETTERS",4,6,111
"JOURNAL OF ORNITHOLOGY",9,15,111
"MODELING EARTH SYSTEMS AND ENVIRONMENT",15,29,111
"BIOTROPICA",7,13,110
"INTEGRATIVE ZOOLOGY",5,32,108
"IFOREST-BIOGEOSCIENCES AND FORESTRY",9,23,107
"BIRD CONSERVATION INTERNATIONAL",15,6,103
"ECOLOGICAL RESEARCH",8,16,103
"FISHERIES OCEANOGRAPHY",5,26,103
"WETLANDS",7,1,103
"BIOLOGIA",11,30,102
"PRIMATES",6,9,102
"ZOOTAXA",11,8,102
"ANNALS OF BOTANY",5,5,101
"INSECT CONSERVATION AND DIVERSITY",11,31,101
"JOURNAL OF ZOOLOGY",5,19,100
"AGRICULTURAL SYSTEMS",4,13,99
"ENVIRONMENTAL EARTH SCIENCES",6,0,98
"ACTA CHIROPTEROLOGICA",10,14,95
"PROGRESS IN OCEANOGRAPHY",2,5,95
"ENVIRONMENTAL AND ECOLOGICAL STATISTICS",2,21,94
"ENVIRONMENTAL SYSTEMS RESEARCH",3,0,94
"INTERNATIONAL JOURNAL OF PRIMATOLOGY",8,17,94
"ENVIRONMENTAL RESEARCH LETTERS",4,0,92
"FRONTIERS IN FORESTS AND GLOBAL CHANGE",14,0,92
"JOURNAL OF PLANT RESEARCH",3,27,92
"MEMORIAS DO INSTITUTO OSWALDO CRUZ",3,0,89
"PLANT BIOSYSTEMS",8,13,89
"INVASIVE PLANT SCIENCE AND MANAGEMENT",6,5,88
"REVISTA CHILENA DE HISTORIA NATURAL",2,21,88
"ANNALS OF FOREST SCIENCE",4,0,87
"IBIS",6,18,87
"PLOS COMPUTATIONAL BIOLOGY",2,0,87
"AGRONOMY-BASEL",11,0,85
"APPLIED SCIENCES-BASEL",5,0,85
"JOURNAL OF ARID LAND",3,27,85
"NATURAL AREAS JOURNAL",8,6,85
"BMC ECOLOGY AND EVOLUTION",9,0,84
"HYSTRIX-ITALIAN JOURNAL OF MAMMALOGY",4,3,84
"BMC GENETICS",1,0,83
"GLOBAL CHANGE BIOLOGY BIOENERGY",2,22,82
"NATURWISSENSCHAFTEN",3,24,82
"SYSTEMATICS AND BIODIVERSITY",4,24,82
"JOURNAL OF MOUNTAIN SCIENCE",6,20,81
"ENTOMOLOGICAL RESEARCH",5,14,80
"JOURNAL OF NATURAL HISTORY",6,11,80
"APIDOLOGIE",4,12,79
"REMOTE SENSING IN ECOLOGY AND CONSERVATION",4,2,79
"WEED RESEARCH",4,18,79
"BMC PLANT BIOLOGY",11,0,78
"JOURNAL OF ENVIRONMENTAL BIOLOGY",5,23,78
"ENDANGERED SPECIES RESEARCH",9,17,77
"JOURNAL OF ARCHAEOLOGICAL SCIENCE",2,3,77
"BMC ECOLOGY",4,0,75
"CANADIAN JOURNAL OF FISHERIES AND AQUATIC SCIENCES",8,2,75
"RAFFLES BULLETIN OF ZOOLOGY",10,3,74
"QUATERNARY SCIENCE REVIEWS",2,3,73
"PHYTOPATHOLOGIA MEDITERRANEA",2,17,72
"PERSPECTIVES IN ECOLOGY AND CONSERVATION",5,3,71
"AGRICULTURAL AND FOREST ENTOMOLOGY",8,18,69
"NATURE CONSERVATION-BULGARIA",10,15,69
"ZOOLOGICAL RESEARCH",1,20,69
"JOURNAL OF SUSTAINABLE FORESTRY",3,20,68
"TICKS AND TICK-BORNE DISEASES",5,0,67
"JOURNAL OF ASIA-PACIFIC BIODIVERSITY",4,9,66
"JOURNAL OF PLANT ECOLOGY",6,6,66
"OECOLOGIA",3,14,66
"TURKISH JOURNAL OF ZOOLOGY",5,14,66
"URBAN ECOSYSTEMS",4,7,66
"AMERICAN MALACOLOGICAL BULLETIN",2,4,64
"BOTANICAL SCIENCES",2,0,64
"ECOSCIENCE",5,14,64
"FRONTIERS OF BIOGEOGRAPHY",10,0,64
"GISCIENCE & REMOTE SENSING",5,8,63
"ITALIAN JOURNAL OF ZOOLOGY",2,1,63
"REVISTA DE BIOLOGIA TROPICAL",12,5,63
"DISEASES OF AQUATIC ORGANISMS",2,6,62
"JOURNAL OF APPLIED RESEARCH ON MEDICINAL AND AROMATIC PLANTS",5,0,62
"NEOBIOTA",7,2,62
"SCIENCE OF NATURE",4,0,62
"BULLETIN OF INSECTOLOGY",1,23,60
"JOURNAL OF FISH BIOLOGY",3,1,60
"NEOTROPICAL ENTOMOLOGY",9,2,59
"AVIAN CONSERVATION AND ECOLOGY",8,0,58
"INTERNATIONAL JOURNAL FOR PARASITOLOGY",2,6,58
"MARINE BIODIVERSITY",2,0,58
"MICROORGANISMS",3,0,58
"FRESHWATER SCIENCE",4,4,57
"ENVIRONMENT INTERNATIONAL",1,8,56
"INFECTION GENETICS AND EVOLUTION",4,7,56
"WATER RESOURCES RESEARCH",3,0,56
"ECOLOGICAL ENTOMOLOGY",2,9,55
"SCIENTIFIC DATA",4,0,55
"CANADIAN JOURNAL OF ZOOLOGY",1,18,54
"JOURNAL OF EVOLUTIONARY BIOLOGY",1,5,54
"AMERICAN JOURNAL OF TROPICAL MEDICINE AND HYGIENE",3,7,53
"ENVIRONMENTAL ENTOMOLOGY",6,9,53
"MOUNTAIN RESEARCH AND DEVELOPMENT",2,10,53
"REGIONAL STUDIES IN MARINE SCIENCE",12,0,53
"CROP PROTECTION",7,1,52
"CURRENT FORESTRY REPORTS",1,6,52
"ESTUARIES AND COASTS",3,1,52
"MALARIA JOURNAL",4,0,52
"RUSSIAN JOURNAL OF HERPETOLOGY",8,12,52
"URSUS",1,14,52
"ONE HEALTH",4,0,51
"CLIMATIC CHANGE",5,1,50
"JOURNAL OF ASIA-PACIFIC ENTOMOLOGY",6,13,50
"LANDSCAPE AND URBAN PLANNING",3,1,50
"NORTH-WESTERN JOURNAL OF ZOOLOGY",8,7,50
"FOREST ECOSYSTEMS",3,0,49
"FRONTIERS IN ENVIRONMENTAL SCIENCE",6,0,49
"JOURNAL OF APPLIED REMOTE SENSING",3,0,49
"JOURNAL OF EXPERIMENTAL MARINE BIOLOGY AND ECOLOGY",2,0,49
"ENVIRONMENT DEVELOPMENT AND SUSTAINABILITY",2,7,48
"MARINE AND FRESHWATER RESEARCH",4,6,48
"TROPICAL MEDICINE & INTERNATIONAL HEALTH",1,17,48
"AQUATIC ECOLOGY",4,13,47
"MAMMALIAN BIOLOGY",6,9,47
"ZOOLOGISCHER ANZEIGER",2,9,47
"ANIMAL BEHAVIOUR",1,1,46
"AQUATIC BOTANY",3,0,46
"BIOCONTROL SCIENCE AND TECHNOLOGY",4,1,46
"ECOLOGY AND SOCIETY",3,0,46
"FRONTIERS IN VETERINARY SCIENCE",5,0,46
"JOURNAL OF ZOOLOGICAL SYSTEMATICS AND EVOLUTIONARY RESEARCH",4,4,46
"LAND USE POLICY",1,21,46
"MOVEMENT ECOLOGY",4,0,45
"BOTANICAL JOURNAL OF THE LINNEAN SOCIETY",4,2,44
"FRONTIERS IN PUBLIC HEALTH",3,0,44
"FRONTIERS IN ZOOLOGY",1,0,44
"PLANT DIVERSITY",2,6,44
"ENVIRONMENTAL TECHNOLOGY & INNOVATION",2,0,43
"ASIAN PACIFIC JOURNAL OF TROPICAL MEDICINE",2,4,42
"CERNE",2,7,42
"EUROPEAN JOURNAL OF FOREST RESEARCH",2,5,42
"MARINE MICROPALEONTOLOGY",1,2,42
"MITIGATION AND ADAPTATION STRATEGIES FOR GLOBAL CHANGE",2,6,42
"PLANT PATHOLOGY",2,0,42
"WILDLIFE RESEARCH",9,4,42
"ASIAN HERPETOLOGICAL RESEARCH",4,10,41
"HABITAT INTERNATIONAL",1,0,41
"INTERNATIONAL JOURNAL OF TROPICAL INSECT SCIENCE",4,8,41
"MAMMAL RESEARCH",7,6,41
"PALAEOGEOGRAPHY PALAEOCLIMATOLOGY PALAEOECOLOGY",3,1,41
"ZOOLOGY IN THE MIDDLE EAST",5,4,41
"AVIAN RESEARCH",4,0,40
"JOURNAL OF WILDLIFE AND BIODIVERSITY",17,9,40
"LANDSCAPE AND ECOLOGICAL ENGINEERING",9,5,40
"CONDOR",3,1,39
"CONSERVATION GENETICS",2,0,39
"POLISH JOURNAL OF ENVIRONMENTAL STUDIES",6,7,39
"REVISTA CHAPINGO SERIE CIENCIAS FORESTALES Y DEL AMBIENTE",2,0,39
"AGRONOMY FOR SUSTAINABLE DEVELOPMENT",1,0,38
"GEOHEALTH",3,0,38
"HELGOLAND MARINE RESEARCH",1,0,38
"TREES FORESTS AND PEOPLE",10,0,38
"AGRICULTURAL WATER MANAGEMENT",1,0,37
"APPLICATIONS IN PLANT SCIENCES",2,0,36
"JOURNAL OF PHYCOLOGY",1,0,36
"JOURNAL OF FISH AND WILDLIFE MANAGEMENT",6,7,35
"ANNALS OF THE ENTOMOLOGICAL SOCIETY OF AMERICA",4,8,34
"BRAZILIAN JOURNAL OF BOTANY",6,5,34
"EUROPEAN ZOOLOGICAL JOURNAL",2,9,34
"JOURNAL OF MARINE SYSTEMS",1,6,34
"JOURNAL OF THE TORREY BOTANICAL SOCIETY",2,5,34
"JOVE-JOURNAL OF VISUALIZED EXPERIMENTS",1,0,34
"PATHOGENS",4,0,34
"SOIL BIOLOGY & BIOCHEMISTRY",3,3,34
"WILDLIFE SOCIETY BULLETIN",3,5,34
"BIRD STUDY",4,6,33
"ECOLOGICAL COMPLEXITY",3,4,33
"JOURNAL OF FIELD ORNITHOLOGY",4,3,33
"TURKISH JOURNAL OF BOTANY",4,4,33
"ANIMAL BIODIVERSITY AND CONSERVATION",5,8,32
"APPLIED AND ENVIRONMENTAL MICROBIOLOGY",2,0,32
"ECOSYSTEMS",1,6,32
"EXPERIMENTAL AND APPLIED ACAROLOGY",4,9,32
"JOURNAL OF TROPICAL ECOLOGY",4,0,32
"PAKISTAN JOURNAL OF ZOOLOGY",3,11,32
"ACTA BOTANICA MEXICANA",5,3,31
"MARINE POLLUTION BULLETIN",3,0,31
"NATURE COMMUNICATIONS",1,0,31
"PHYSICAL GEOGRAPHY",2,3,31
"THEORETICAL AND APPLIED CLIMATOLOGY",12,5,31
"CROP & PASTURE SCIENCE",1,0,30
"DATA MINING AND KNOWLEDGE DISCOVERY",1,0,30
"PARASITOLOGY",3,2,30
"RANGELAND ECOLOGY & MANAGEMENT",3,7,30
"CONSERVATION PHYSIOLOGY",2,0,29
"DRONES",1,0,29
"FRONTIERS IN GENETICS",4,0,29
"MADERA Y BOSQUES",4,0,29
"ANNALS OF THE ASSOCIATION OF AMERICAN GEOGRAPHERS",1,6,28
"AUK",1,4,28
"BASIC AND APPLIED ECOLOGY",3,1,28
"GEOMORPHOLOGY",1,1,28
"ISME JOURNAL",1,4,28
"JOURNAL OF HUMAN EVOLUTION",1,5,28
"MATHEMATICS",2,0,28
"ORGANISMS DIVERSITY & EVOLUTION",4,4,28
"TRANSACTIONS OF THE ROYAL SOCIETY OF TROPICAL MEDICINE AND HYGIENE",2,0,28
"TROPICAL BIOMEDICINE",2,8,28
"TROPICAL ZOOLOGY",3,6,28
"ACTA THERIOLOGICA",1,3,27
"CONTEMPORARY PROBLEMS OF ECOLOGY",6,7,27
"ENTOMOLOGIA GENERALIS",2,2,27
"EUROPEAN JOURNAL OF ENTOMOLOGY",2,9,27
"GEOCARTO INTERNATIONAL",2,2,27
"JOURNAL OF RAPTOR RESEARCH",4,7,27
"PLANT ECOLOGY AND EVOLUTION",5,1,27
"TROPICAL MEDICINE AND INFECTIOUS DISEASE",2,0,27
"BMC PUBLIC HEALTH",2,0,26
"JOURNAL OF GEOPHYSICAL RESEARCH-EARTH SURFACE",1,0,26
"WETLANDS ECOLOGY AND MANAGEMENT",2,5,26
"ZOOKEYS",2,0,26
"ACTA ECOLOGICA SINICA",3,8,25
"AUSTRALASIAN JOURNAL OF ENVIRONMENTAL MANAGEMENT",1,6,25
"PLANT ECOLOGY & DIVERSITY",4,2,25
"RENEWABLE ENERGY",1,0,25
"REVISTA DA SOCIEDADE BRASILEIRA DE MEDICINA TROPICAL",1,5,25
"AFRICAN JOURNAL OF HERPETOLOGY",3,1,24
"EARTHS FUTURE",1,0,24
"FRONTIERS OF EARTH SCIENCE",3,7,24
"INTERNATIONAL JOURNAL OF BIOMETEOROLOGY",3,7,24
"JOURNAL OF VECTOR BORNE DISEASES",3,2,24
"REMOTE SENSING APPLICATIONS-SOCIETY AND ENVIRONMENT",4,0,24
"RIVER RESEARCH AND APPLICATIONS",2,13,24
"SCIENCE CHINA-EARTH SCIENCES",1,5,24
"ANAIS DA ACADEMIA BRASILEIRA DE CIENCIAS",5,0,23
"ARCHIVES OF BIOLOGICAL SCIENCES",2,6,23
"BOIS ET FORETS DES TROPIQUES",1,6,23
"EUROPEAN JOURNAL OF AGRONOMY",3,0,23
"FISH AND FISHERIES",1,3,23
"FOREST SYSTEMS",1,0,23
"INFECTIOUS DISEASES OF POVERTY",2,0,23
"MARINE MAMMAL SCIENCE",2,4,23
"PLANT GENETIC RESOURCES-CHARACTERIZATION AND UTILIZATION",2,5,23
"PLOS GLOBAL PUBLIC HEALTH",2,0,23
"ZOOLOGICAL STUDIES",5,0,23
"ANNALES ZOOLOGICI FENNICI",3,1,22
"AOB PLANTS",1,0,22
"CHINESE SCIENCE BULLETIN",1,4,22
"JOURNAL OF MOLLUSCAN STUDIES",3,1,22
"NORDIC JOURNAL OF BOTANY",4,4,22
"NOVA HEDWIGIA",2,1,22
"PARASITE EPIDEMIOLOGY AND CONTROL",1,0,22
"ZHURNAL OBSHCHEI BIOLOGII",2,7,22
"ACTA AMAZONICA",1,7,21
"ACTA OCEANOLOGICA SINICA",2,0,21
"AMERICAN JOURNAL OF PHYSICAL ANTHROPOLOGY",1,4,21
"ECOLOGY OF FRESHWATER FISH",3,4,21
"ENTROPY",1,0,21
"ERDKUNDE",1,1,21
"FISHERY BULLETIN",1,2,21
"FISHES",6,0,21
"INTERNATIONAL JOURNAL OF REMOTE SENSING",3,0,21
"JOURNAL OF SYSTEMATICS AND EVOLUTION",2,0,21
"OIKOS",2,3,21
"PALEOCEANOGRAPHY",1,1,21
"PLANT SYSTEMATICS AND EVOLUTION",2,0,21
"ACTA ZOOLOGICA BULGARICA",4,2,20
"ENVIRONMENTAL DATA SCIENCE",1,0,20
"INTERNATIONAL JOURNAL OF ENVIRONMENTAL RESEARCH",2,6,20
"INTERNATIONAL JOURNAL OF SPELEOLOGY",2,0,20
"JOURNAL OF HERPETOLOGY",1,4,20
"MARINE LIFE SCIENCE & TECHNOLOGY",1,0,20
"THALASSAS",2,1,20
"THEORETICAL ECOLOGY",2,4,20
"VETERINARY MEDICINE AND SCIENCE",1,3,20
"WEED SCIENCE",2,0,20
"JOURNAL OF WATER AND CLIMATE CHANGE",1,2,19
"SPATIAL INFORMATION RESEARCH",3,1,19
"ACTA VETERINARIA SCANDINAVICA",1,0,18
"ANNALS OF THE AMERICAN ASSOCIATION OF GEOGRAPHERS",1,0,18
"AQUACULTURE",1,2,18
"ATMOSPHERE",3,0,18
"BIOLOGY BULLETIN",10,4,18
"FRONTIERS IN MICROBIOLOGY",2,0,18
"HERPETOLOGICAL JOURNAL",2,0,18
"HERPETOZOA",3,2,18
"HORTICULTURAE",4,0,18
"INTERNATIONAL JOURNAL OF PLANT SCIENCES",1,4,18
"ITALIAN JOURNAL OF AGRONOMY",1,0,18
"JOURNAL OF APPLIED ICHTHYOLOGY",1,0,18
"JOURNAL OF CRUSTACEAN BIOLOGY",2,1,18
"PHILOSOPHICAL TRANSACTIONS OF THE ROYAL SOCIETY B-BIOLOGICAL SCIENCES",2,0,18
"PLOS CLIMATE",1,0,18
"VIRUSES-BASEL",3,0,18
"BELGIAN JOURNAL OF ZOOLOGY",2,1,17
"COLEOPTERISTS BULLETIN",1,0,17
"ECOHYDROLOGY & HYDROBIOLOGY",2,3,17
"ENERGY",1,0,17
"EPIDEMIOLOGY AND INFECTION",1,3,17
"JOURNAL OF APPLIED PHYCOLOGY",2,3,17
"KEW BULLETIN",1,7,17
"MANAGEMENT OF BIOLOGICAL INVASIONS",3,3,17
"ACTA BOTANICA BRASILICA",2,1,16
"ANNALES ZOOLOGICI",3,1,16
"DATA IN BRIEF",3,0,16
"EMU-AUSTRAL ORNITHOLOGY",3,2,16
"GENETIC RESOURCES AND CROP EVOLUTION",4,4,16
"GRASSLAND SCIENCE",1,0,16
"HARMFUL ALGAE",2,0,16
"MARINE GEODESY",1,0,16
"MINERALS",1,0,16
"PHYTOPATHOLOGY",1,1,16
"RUSSIAN JOURNAL OF ECOLOGY",3,4,16
"AIMS AGRICULTURE AND FOOD",1,6,15
"AQUATIC SCIENCES",1,0,15
"BIOTA NEOTROPICA",3,0,15
"COMPUTERS ENVIRONMENT AND URBAN SYSTEMS",1,0,15
"EVOLUTIONARY ECOLOGY",2,1,15
"FIRE ECOLOGY",1,0,15
"FRESENIUS ENVIRONMENTAL BULLETIN",3,8,15
"INTERNATIONAL JOURNAL OF MOLECULAR SCIENCES",1,0,15
"JOURNAL OF ARTHROPOD-BORNE DISEASES",4,2,15
"JOURNAL OF COASTAL CONSERVATION",4,0,15
"JOURNAL OF LIMNOLOGY",1,1,15
"MARINE ECOLOGY-AN EVOLUTIONARY PERSPECTIVE",2,0,15
"SCIENTIA FORESTALIS",2,1,15
"SOUTH AFRICAN JOURNAL OF WILDLIFE RESEARCH",1,0,15
"ACTA HERPETOLOGICA",5,7,14
"ASIAN PACIFIC JOURNAL OF TROPICAL BIOMEDICINE",1,0,14
"BIODIVERSITY DATA JOURNAL",5,0,14
"BMC ZOOLOGY",1,0,14
"CLIMATE",3,0,14
"CONSERVATION",2,1,14
"EARTH AND ENVIRONMENTAL SCIENCE TRANSACTIONS OF THE ROYAL SOCIETY OF EDINBURGH",1,4,14
"EUROPEAN JOURNAL OF SOIL BIOLOGY",1,1,14
"FRONTIERS IN CONSERVATION SCIENCE",5,0,14
"JOURNAL OF BASIC AND APPLIED ZOOLOGY",1,0,14
"JOURNAL OF COASTAL RESEARCH",1,0,14
"MAMMAL STUDY",2,1,14
"NORTHWEST SCIENCE",2,2,14
"ORNITHOLOGY RESEARCH",3,3,14
"REVISTA BRASILEIRA DE ENTOMOLOGIA",1,2,14
"SMALL RUMINANT RESEARCH",2,2,14
"ANALES DEL JARDIN BOTANICO DE MADRID",1,0,13
"CURRENT RESEARCH IN ENVIRONMENTAL SUSTAINABILITY",1,0,13
"ECOHYDROLOGY",2,0,13
"ECOLOGICAL SOLUTIONS AND EVIDENCE",5,0,13
"ENVIRONMENTAL AND SUSTAINABILITY INDICATORS",5,0,13
"ENVIRONMENTAL RESEARCH",3,0,13
"GEODERMA REGIONAL",1,0,13
"GEOGRAPHY AND SUSTAINABILITY",2,1,13
"INTEGRATED ENVIRONMENTAL ASSESSMENT AND MANAGEMENT",2,4,13
"JOURNAL OF FISH DISEASES",1,1,13
"JOURNAL OF GREAT LAKES RESEARCH",2,0,13
"JOURNAL OF SHELLFISH RESEARCH",1,1,13
"JOURNAL OF THE AMERICAN MOSQUITO CONTROL ASSOCIATION",2,6,13
"LANDSCAPE RESEARCH",1,1,13
"LATIN AMERICAN JOURNAL OF AQUATIC RESEARCH",1,0,13
"METEOROLOGICAL APPLICATIONS",1,0,13
"MITOCHONDRIAL DNA PART A",1,1,13
"MOLECULAR ECOLOGY RESOURCES",1,0,13
"BIOSAFETY AND HEALTH",1,1,12
"BRYOLOGIST",1,2,12
"EARTH",1,1,12
"ECOLOGIES",4,3,12
"ELIFE",1,0,12
"GLOBAL ENVIRONMENTAL CHANGE-HUMAN AND POLICY DIMENSIONS",2,0,12
"INTERNATIONAL JOURNAL OF DATA SCIENCE AND ANALYTICS",1,1,12
"OCEANOLOGIA",1,0,12
"PACIFIC SCIENCE",1,1,12
"PLANT DISEASE",1,1,12
"WILDLIFE BIOLOGY",3,4,12
"ACM TRANSACTIONS ON SPATIAL ALGORITHMS AND SYSTEMS",1,0,11
"AFRICAN ENTOMOLOGY",2,1,11
"AUSTRALIAN JOURNAL OF ZOOLOGY",3,3,11
"BALTICA",1,2,11
"CABI AGRICULTURE AND BIOSCIENCE",1,0,11
"COMPUTATIONAL STATISTICS & DATA ANALYSIS",1,0,11
"ENVIRONMENTAL BIOLOGY OF FISHES",4,0,11
"EVOLUTIONARY APPLICATIONS",1,2,11
"FRONTIERS IN BIG DATA",1,0,11
"INTERNATIONAL JOURNAL OF PLANT PRODUCTION",1,0,11
"JOURNAL OF AGROMETEOROLOGY",1,5,11
"JOURNAL OF FORESTRY",2,2,11
"JOURNAL OF HYDROLOGY",1,0,11
"JOURNAL OF PARASITOLOGY",1,2,11
"JOURNAL OF PLANT PATHOLOGY",3,3,11
"JOURNAL OF STORED PRODUCTS RESEARCH",1,0,11
"LICHENOLOGIST",1,0,11
"MYCORRHIZA",1,1,11
"NORTHEASTERN NATURALIST",3,0,11
"SAUDI JOURNAL OF BIOLOGICAL SCIENCES",1,6,11
"STUDIES ON NEOTROPICAL FAUNA AND ENVIRONMENT",3,0,11
"SUMARSKI LIST",6,0,11
"ARABIAN JOURNAL OF GEOSCIENCES",1,0,10
"BMC GENOMICS",1,0,10
"CANADIAN JOURNAL OF FOREST RESEARCH",2,1,10
"CARPATHIAN JOURNAL OF EARTH AND ENVIRONMENTAL SCIENCES",1,1,10
"CURRENT HERPETOLOGY",3,1,10
"DISCOVER ENVIRONMENT",3,0,10
"ENVIRONMENTS",2,0,10
"GIGASCIENCE",1,0,10
"HUMAN AND ECOLOGICAL RISK ASSESSMENT",1,2,10
"INSECT SCIENCE",2,0,10
"INTERNATIONAL JOURNAL OF DISASTER RISK SCIENCE",1,1,10
"JOURNAL OF INSECTS AS FOOD AND FEED",2,1,10
"JOURNAL OF MARINE SCIENCE AND ENGINEERING",5,0,10
"JOURNAL OF VECTOR ECOLOGY",1,0,10
"MARINE AND COASTAL FISHERIES",1,0,10
"NEOTROPICAL BIODIVERSITY",2,3,10
"NEOTROPICAL BIOLOGY AND CONSERVATION",2,1,10
"ORNITHOLOGICAL SCIENCE",1,2,10
"SALAMANDRA",4,1,10
"SENSORS",1,0,10
"SOUTH AFRICAN JOURNAL OF SCIENCE",1,2,10
"VETERINARY WORLD",2,0,10
"ADVANCES IN BAMBOO SCIENCE",1,0,9
"ANNALES DE LA SOCIETE ENTOMOLOGIQUE DE FRANCE",1,0,9
"APPLIED GEOCHEMISTRY",1,0,9
"AUSTRALIAN JOURNAL OF ENTOMOLOGY",1,1,9
"BIOSYSTEMS DIVERSITY",1,1,9
"CLIMATE RESEARCH",2,1,9
"DENDROBIOLOGY",1,6,9
"ENVIRONMENTAL AND EXPERIMENTAL BOTANY",1,0,9
"ENVIRONMENTAL SCIENCE & POLICY",1,0,9
"EVOLUTIONARY ECOLOGY RESEARCH",1,3,9
"FISHERIES MANAGEMENT AND ECOLOGY",3,1,9
"GAYANA",1,3,9
"INTERNATIONAL JOURNAL OF PEST MANAGEMENT",2,0,9
"JOURNAL OF APICULTURAL SCIENCE",1,0,9
"JOURNAL OF ECOLOGICAL ENGINEERING",2,0,9
"JOURNAL OF ENVIRONMENTAL INFORMATICS",1,1,9
"JOURNAL OF OCEAN UNIVERSITY OF CHINA",2,1,9
"JOURNAL OF VETERINARY MEDICAL SCIENCE",1,0,9
"NATIONAL ACADEMY SCIENCE LETTERS-INDIA",1,3,9
"ORIENTAL INSECTS",3,3,9
"PHILOSOPHICAL TRANSACTIONS OF THE ROYAL SOCIETY A-MATHEMATICAL PHYSICAL AND ENGINEERING SCIENCES",1,0,9
"PHYSICS AND CHEMISTRY OF THE EARTH",2,0,9
"POLAR BIOLOGY",1,0,9
"PROCEEDINGS OF THE INDIAN NATIONAL SCIENCE ACADEMY",2,2,9
"QUATERNARY INTERNATIONAL",2,0,9
"EARTH SURFACE PROCESSES AND LANDFORMS",1,0,8
"FRONTIERS IN SUSTAINABLE FOOD SYSTEMS",2,0,8
"GEO-GEOGRAPHY AND ENVIRONMENT",1,0,8
"JOURNAL OF FUNGI",1,0,8
"NATURE CONSERVATION RESEARCH",2,2,8
"NPJ SUSTAINABLE AGRICULTURE",1,0,8
"OSTRICH",2,0,8
"PARASITOLOGY INTERNATIONAL",1,0,8
"SCIENTIFIC AFRICAN",2,0,8
"SHILAP-REVISTA DE LEPIDOPTEROLOGIA",1,1,8
"TRANSACTIONS OF THE AMERICAN FISHERIES SOCIETY",1,0,8
"TREES-STRUCTURE AND FUNCTION",1,1,8
"ZOONOSES AND PUBLIC HEALTH",3,2,8
"AUSTRALASIAN PLANT PATHOLOGY",1,2,7
"AUSTRALIAN GEOGRAPHER",1,2,7
"BIODIVERSITY INFORMATICS",2,3,7
"BIOMEDICA",2,0,7
"ECOLOGICAL FRONTIERS",5,0,7
"IHERINGIA SERIE ZOOLOGIA",1,3,7
"INSECT SYSTEMATICS AND DIVERSITY",1,0,7
"INTERNATIONAL JOURNAL OF DIGITAL EARTH",1,0,7
"JOURNAL OF VERTEBRATE BIOLOGY",1,0,7
"ONDERSTEPOORT JOURNAL OF VETERINARY RESEARCH",1,0,7
"PHYTOTAXA",1,0,7
"SILVA FENNICA",1,0,7
"SOCIOBIOLOGY",1,1,7
"SOUTHEASTERN NATURALIST",1,1,7
"SPANISH JOURNAL OF AGRICULTURAL RESEARCH",1,0,7
"TOXICON",2,0,7
"WATERBIRDS",4,4,7
"ZOOLOGICA SCRIPTA",1,0,7
"ZOOLOGICAL SCIENCE",1,0,7
"ACTA SOCIETATIS BOTANICORUM POLONIAE",2,1,6
"AMERICAN FERN JOURNAL",2,2,6
"AVIAN BIOLOGY RESEARCH",1,0,6
"BENI-SUEF UNIVERSITY JOURNAL OF BASIC AND APPLIED SCIENCES",2,0,6
"BIOINVASIONS RECORDS",3,0,6
"BIORESOURCES",2,1,6
"BRAZILIAN JOURNAL OF MICROBIOLOGY",1,1,6
"CURRENT RESEARCH IN PARASITOLOGY & VECTOR-BORNE DISEASES",1,0,6
"ECOSISTEMAS",3,0,6
"ENTOMOLOGIA EXPERIMENTALIS ET APPLICATA",1,2,6
"ENTOMOLOGICAL SCIENCE",2,0,6
"FOREST PATHOLOGY",2,0,6
"FORKTAIL",1,0,6
"INTERNATIONAL JOURNAL OF ODONATOLOGY",1,0,6
"JOURNAL OF ANIMAL AND PLANT SCIENCES",1,1,6
"JOURNAL OF MAMMALIAN EVOLUTION",1,1,6
"METHODSX",2,0,6
"ORNITHOLOGY",1,0,6
"PAKISTAN VETERINARY JOURNAL",2,0,6
"RESTORATION ECOLOGY",6,0,6
"RUSSIAN JOURNAL OF BIOLOGICAL INVASIONS",1,0,6
"SCIENCE IN ONE HEALTH",1,0,6
"SCIENTIA HORTICULTURAE",1,0,6
"SENSORS AND MATERIALS",3,0,6
"TOXINS",1,0,6
"VEGETATION CLASSIFICATION AND SURVEY",1,0,6
"ZOOLOGIA",1,1,6
"AGRIENGINEERING",1,0,5
"AMPHIBIAN & REPTILE CONSERVATION",1,0,5
"AUSTRAL ENTOMOLOGY",1,0,5
"BOLETIN DE LA ASOCIACION DE GEOGRAFOS ESPANOLES",1,1,5
"CANADIAN JOURNAL OF SOIL SCIENCE",1,0,5
"CHELONIAN CONSERVATION AND BIOLOGY",1,0,5
"CORAL REEFS",1,1,5
"EARTH SCIENCE INFORMATICS",2,0,5
"FORESTIST",1,0,5
"GEOLOGICAL JOURNAL",1,0,5
"ISCIENCE",1,0,5
"JOURNAL OF BIOSCIENCES",1,0,5
"JOURNAL OF CLEANER PRODUCTION",1,0,5
"JOURNAL OF FOREST RESEARCH",1,1,5
"JOURNAL OF THE ENTOMOLOGICAL RESEARCH SOCIETY",1,2,5
"JOURNAL OF THE SCIENCE OF FOOD AND AGRICULTURE",1,0,5
"ORNIS FENNICA",1,1,5
"PALAEOBIODIVERSITY AND PALAEOENVIRONMENTS",1,1,5
"PALEOBIOLOGY",1,0,5
"REVISTA BRASILEIRA DE CIENCIAS AGRARIAS-AGRARIA",1,0,5
"TERRA LATINOAMERICANA",3,0,5
"TREE GENETICS & GENOMES",1,0,5
"WATER RESEARCH",2,0,5
"WESTERN NORTH AMERICAN NATURALIST",1,0,5
"WILSON JOURNAL OF ORNITHOLOGY",1,0,5
"ANNALES DE LIMNOLOGIE-INTERNATIONAL JOURNAL OF LIMNOLOGY",1,0,4
"APPLIED ENTOMOLOGY AND ZOOLOGY",1,1,4
"APPLIED SOIL ECOLOGY",1,0,4
"ARTIFICIAL INTELLIGENCE REVIEW",1,0,4
"AUSTRALIAN JOURNAL OF BOTANY",2,0,4
"ENVIRONMENTAL SCIENCES EUROPE",1,0,4
"FRONTIERS IN MEDICINE",1,0,4
"HERPETOLOGICA",2,2,4
"HERZOGIA",1,0,4
"INDIAN JOURNAL OF ANIMAL RESEARCH",1,0,4
"INLAND WATERS",1,0,4
"INTEGRATIVE AND COMPARATIVE BIOLOGY",1,0,4
"INTEGRATIVE CONSERVATION",1,2,4
"INTERSECCIONES EN ANTROPOLOGIA",1,0,4
"IRANIAN JOURNAL OF SCIENCE AND TECHNOLOGY TRANSACTION A-SCIENCE",1,3,4
"JOURNAL OF AGRICULTURE AND FOOD RESEARCH",1,0,4
"MACHINE LEARNING",1,2,4
"MARINE ORNITHOLOGY",1,0,4
"NEW FORESTS",1,0,4
"NEW PHYTOLOGIST",1,0,4
"PARASITE",1,0,4
"PHILIPPINE AGRICULTURAL SCIENTIST",1,2,4
"PLANTS PEOPLE PLANET",2,0,4
"REVISTA ARVORE",3,2,4
"RUSSIAN JOURNAL OF THERIOLOGY",1,0,4
"VIE ET MILIEU-LIFE AND ENVIRONMENT",1,0,4
"ACTA BIOLOGICA COLOMBIANA",2,0,3
"ACTA BRASILIENSIS",2,0,3
"AFRICAN ZOOLOGY",1,0,3
"ANIMAL CELLS AND SYSTEMS",1,0,3
"ARDEOLA-INTERNATIONAL JOURNAL OF ORNITHOLOGY",1,0,3
"BOTANICA SERBICA",1,1,3
"CIENCIA FLORESTAL",2,0,3
"ECOTOXICOLOGY",1,0,3
"ETHOLOGY ECOLOGY & EVOLUTION",1,1,3
"EXPERT SYSTEMS",1,0,3
"FOLIA BIOLOGICA-KRAKOW",1,0,3
"FOLIA OECOLOGICA",1,0,3
"FOOD AND ENERGY SECURITY",1,0,3
"HORTSCIENCE",1,0,3
"IEEE LATIN AMERICA TRANSACTIONS",1,1,3
"INTERNATIONAL JOURNAL OF CLIMATOLOGY",1,0,3
"INTERNATIONAL JOURNAL OF ENVIRONMENTAL SCIENCE AND TECHNOLOGY",2,1,3
"INVESTIGACIONES GEOGRAFICAS-SPAIN",2,0,3
"IRANIAN JOURNAL OF PUBLIC HEALTH",1,0,3
"ISRAEL JOURNAL OF ECOLOGY & EVOLUTION",2,0,3
"JAPANESE JOURNAL OF STATISTICS AND DATA SCIENCE",1,1,3
"JARQ-JAPAN AGRICULTURAL RESEARCH QUARTERLY",1,1,3
"JOURNAL OF GEOGRAPHY-COGRAFYA DERGISI",1,0,3
"JOURNAL OF KING SAUD UNIVERSITY SCIENCE",1,0,3
"JOURNAL OF PHYTOPATHOLOGY",3,0,3
"JOURNAL OF SCIENTIFIC & INDUSTRIAL RESEARCH",1,2,3
"LIFE-BASEL",2,0,3
"MEDITERRANEAN MARINE SCIENCE",2,0,3
"ORNIS HUNGARICA",1,1,3
"PACIFIC CONSERVATION BIOLOGY",2,0,3
"PAKISTAN JOURNAL OF BOTANY",2,0,3
"PROFESSIONAL GEOGRAPHER",1,0,3
"PUBLIC HEALTH",1,0,3
"REVISTA CIENTIFICA-FACULTAD DE CIENCIAS VETERINARIAS",1,0,3
"TROPICAL ANIMAL HEALTH AND PRODUCTION",1,2,3
"TROPICS",1,0,3
"AFRICAN JOURNAL OF RANGE & FORAGE SCIENCE",1,0,2
"ANIMAL PRODUCTION SCIENCE",1,0,2
"APPLIED MATHEMATICS AND COMPUTATION",1,0,2
"ARCTIC",1,0,2
"ARDEOLA",1,0,2
"ARID LAND RESEARCH AND MANAGEMENT",1,0,2
"ASIAN JOURNAL OF WATER ENVIRONMENT AND POLLUTION",1,0,2
"BANGLADESH JOURNAL OF BOTANY",1,0,2
"BIOCONTROL",1,0,2
"BOSQUE",2,0,2
"BULLETIN OF MATHEMATICAL BIOLOGY",1,0,2
"CASTANEA",1,0,2
"CONTRIBUTIONS TO ZOOLOGY",1,0,2
"CURRENT MICROBIOLOGY",1,0,2
"DISCOVER LIFE",1,0,2
"FISHERIES",1,1,2
"FRONTIERS IN REMOTE SENSING",1,0,2
"GENOME",1,0,2
"GEODERMA",1,0,2
"HORTICULTURAL SCIENCE",1,1,2
"HYDROBIOLOGY",1,0,2
"IEEE ACCESS",2,0,2
"INTERNATIONAL JOURNAL OF BIOLOGY AND CHEMISTRY",1,1,2
"JOURNAL OF BRYOLOGY",1,0,2
"JOURNAL OF CROP IMPROVEMENT",1,0,2
"JOURNAL OF ORTHOPTERA RESEARCH",1,0,2
"JOURNAL OF PUBLIC HEALTH",1,0,2
"JOURNAL OF THE NATIONAL SCIENCE FOUNDATION OF SRI LANKA",1,0,2
"KOEDOE",1,0,2
"LAND DEGRADATION & DEVELOPMENT",1,0,2
"PACHYDERM",1,0,2
"PALAEONTOLOGY",1,0,2
"PEER COMMUNITY JOURNAL",1,0,2
"PHYSIOLOGIA PLANTARUM",1,0,2
"PHYTON-ANNALES REI BOTANICAE",1,0,2
"REVISTA FITOTECNIA MEXICANA",1,0,2
"SMART AGRICULTURAL TECHNOLOGY",1,0,2
"SOUTH AMERICAN JOURNAL OF HERPETOLOGY",1,0,2
"TROPICAL PLANTS",1,0,2
"ACTA BOTANICA CROATICA",1,0,1
"ACTA GEOGRAPHICA SLOVENICA-GEOGRAFSKI ZBORNIK",1,0,1
"ALPINE BOTANY",1,0,1
"AMERICAN BIOLOGY TEACHER",1,0,1
"ANTHROPOCENE",1,0,1
"AQUATIC LIVING RESOURCES",1,0,1
"ARCHEOLOGIA E CALCOLATORI",1,0,1
"ARCTIC SCIENCE",1,0,1
"ATMOSFERA",2,0,1
"BIOSCIENCE JOURNAL",1,0,1
"CARIBBEAN JOURNAL OF SCIENCE",2,0,1
"CHIANG MAI JOURNAL OF SCIENCE",1,0,1
"COGENT FOOD & AGRICULTURE",1,0,1
"COMMUNICATIONS BIOLOGY",1,0,1
"COMMUNICATIONS EARTH & ENVIRONMENT",1,0,1
"COMMUNITY ECOLOGY",2,0,1
"COMPTES RENDUS DE L ACADEMIE BULGARE DES SCIENCES",1,0,1
"COMPUTERS & GEOSCIENCES",1,0,1
"DATA",1,0,1
"DISCOVER APPLIED SCIENCES",1,0,1
"DISCOVER SUSTAINABILITY",1,0,1
"ENTOMOLOGICA AMERICANA",1,0,1
"ENTOMOLOGICAL NEWS",1,0,1
"FUNGAL BIOLOGY",1,0,1
"GAYANA BOTANICA",1,0,1
"GENETIKA-BELGRADE",1,0,1
"HUMAN ECOLOGY",1,0,1
"INDONESIAN JOURNAL OF FORESTRY RESEARCH",1,0,1
"INTERNATIONAL JOURNAL OF ADVANCED COMPUTER SCIENCE AND APPLICATIONS",1,0,1
"JOURNAL OF AQUATIC PLANT MANAGEMENT",1,0,1
"JOURNAL OF CLIMATE CHANGE AND HEALTH",2,0,1
"JOURNAL OF COMPUTATIONAL SOCIAL SCIENCE",1,0,1
"JOURNAL OF LANDSCAPE ECOLOGY",2,0,1
"JOURNAL OF NEMATOLOGY",1,0,1
"JURNAL MANAJEMEN HUTAN TROPIKA",1,0,1
"MICROBIOLOGY SPECTRUM",1,0,1
"MULTIMEDIA SYSTEMS",1,0,1
"PHYLLOMEDUSA",2,0,1
"PLANT BIOLOGY",1,0,1
"PLANT SCIENCE TODAY",1,0,1
"QUATERNARY RESEARCH",1,0,1
"RANGE MANAGEMENT AND AGROFORESTRY",1,0,1
"REVISTA DE LA ACADEMIA COLOMBIANA DE CIENCIAS EXACTAS FISICAS Y NATURALES",1,0,1
"SCIENTIA AGRICOLA",1,0,1
"SCIENTIFICA",1,0,1
"SOUTHWESTERN NATURALIST",3,0,1
"SPATIAL AND SPATIO-TEMPORAL EPIDEMIOLOGY",2,0,1
"THEORETICAL AND APPLIED ECOLOGY",2,0,1
"TROPICAL LIFE SCIENCES RESEARCH",2,0,1
"TURKISH JOURNAL OF FISHERIES AND AQUATIC SCIENCES",1,0,1
"VETERINARY PARASITOLOGY",1,0,1
"VETERINARY QUARTERLY",1,0,1
"WEB ECOLOGY",2,0,1
"ZOOLOGICHESKY ZHURNAL",1,0,1
"AMERICAN MIDLAND NATURALIST",1,0,0
"ANTARCTIC SCIENCE",1,0,0
"AQUATIC MAMMALS",1,0,0
"ARCHIVES OF MICROBIOLOGY",1,0,0
"BIOCATALYSIS AND AGRICULTURAL BIOTECHNOLOGY",1,0,0
"BIOLOGIA FUTURA",1,0,0
"BOTANY",1,0,0
"CALDASIA",2,0,0
"EARTH SYSTEMS AND ENVIRONMENT",1,0,0
"ECOSISTEMAS Y RECURSOS AGROPECUARIOS",1,0,0
"EGYPTIAN JOURNAL OF REMOTE SENSING AND SPACE SCIENCES",1,0,0
"ENVIRONMENTAL QUALITY MANAGEMENT",1,0,0
"ERIA-REVISTA CUATRIMESTRAL DE GEOGRAFIA",2,0,0
"GENES",1,0,0
"GEOMATICS AND ENVIRONMENTAL ENGINEERING",1,0,0
"GEOMATICS NATURAL HAZARDS & RISK",1,0,0
"INTERCIENCIA",1,0,0
"INTERNATIONAL HEALTH",1,0,0
"INTERNATIONAL JOURNAL OF CONSERVATION SCIENCE",1,0,0
"INTERNATIONAL JOURNAL OF ECOSYSTEMS AND ECOLOGY SCIENCE-IJEES",1,0,0
"JAPANESE JOURNAL OF APPLIED ENTOMOLOGY AND ZOOLOGY",1,0,0
"JOURNAL OF AGRICULTURE OF THE UNIVERSITY OF PUERTO RICO",1,0,0
"JOURNAL OF ANIMAL BEHAVIOUR AND BIOMETEOROLOGY",2,0,0
"JOURNAL OF ARCHAEOLOGICAL SCIENCE-REPORTS",2,0,0
"JOURNAL OF ENVIRONMENTAL SCIENCE AND MANAGEMENT",1,0,0
"JOURNAL OF HIMALAYAN EARTH SCIENCES",1,0,0
"JOURNAL OF INFECTIOUS DISEASES",1,0,0
"JOURNAL OF INSECT BIODIVERSITY",1,0,0
"JOURNAL OF OCEANOLOGY AND LIMNOLOGY",1,0,0
"JOURNAL OF PALAEOGEOGRAPHY-ENGLISH",1,0,0
"JOURNAL OF PLANT DISEASES AND PROTECTION",1,0,0
"JOURNAL OF THE FACULTY OF AGRICULTURE KYUSHU UNIVERSITY",1,0,0
"JOURNAL OF THE INDIAN SOCIETY OF REMOTE SENSING",1,0,0
"JOURNAL OF THE PALAEONTOLOGICAL SOCIETY OF INDIA",1,0,0
"JOURNAL OF TROPICAL FOREST SCIENCE",1,0,0
"JOURNAL OF WILDLIFE DISEASES",1,0,0
"MAYDICA",1,0,0
"MOLECULAR BIOLOGY REPORTS",1,0,0
"MYCOSCIENCE",1,0,0
"OCEAN AND COASTAL RESEARCH",1,0,0
"OCEANOLOGICAL AND HYDROBIOLOGICAL STUDIES",1,0,0
"PAKISTAN JOURNAL OF AGRICULTURAL SCIENCES",1,0,0
"PEOPLE AND NATURE",1,0,0
"PLANKTON & BENTHOS RESEARCH",1,0,0
"REVISTA FORESTAL MESOAMERICA KURU-RFMK",1,0,0
"STUDIES IN CONSERVATION",1,0,0
"TRANSACTIONS OF THE AMERICAN ENTOMOLOGICAL SOCIETY",1,0,0
"VETERINARIA ITALIANA",1,0,0
"ZOONOTIC DISEASES",1,0,0
